﻿{"name":"Seppirus Dark Mode 1.1","visualStyles":{"slicer":{"*":{"*":[{"fontColor":{"solid":{"color":"#FFFFFF"}},"background":{"solid":{"color":"#31394C"}}}]}},"*":{"*":{"background":[{"transparency":100}],"visualHeader":[{"foreground":{"solid":{"color":"#FFFFFF"}}}],"visualTooltip":[{"titleFontColor":{"solid":{"color":"#FFFFFF"}},"valueFontColor":{"solid":{"color":"#FFFFFF"}},"background":{"solid":{"color":"#31394C"}}}],"outspacePane":[{"backgroundColor":{"solid":{"color":"#31394C"}},"foregroundColor":{"solid":{"color":"#FFFFFF"}}}],"filterCard":[{"$id":"Applied","backgroundColor":{"solid":{"color":"#F2F2F2"}},"foregroundColor":{"solid":{"color":"#31394C"}},"transparency":0},{"$id":"Available","backgroundColor":{"solid":{"color":"#31394C"}},"transparency":0,"foregroundColor":{"solid":{"color":"#FFFFFF"}}}]}},"page":{"*":{"background":[{"color":{"solid":{"color":"#FFFFFF"}},"transparency":100}],"outspace":[{"color":{"solid":{"color":"#31394C"}}}]}}},"textClasses":{"label":{"color":"#FFFFFF","fontFace":"Arial","fontSize":9},"callout":{"color":"#FFFFFF","fontFace":"Arial"},"title":{"color":"#D34E59","fontFace":"Arial","fontSize":10},"header":{"color":"#FFFFFF","fontFace":"Arial"}},"dataColors":["#018DA2","#00DEFF","#C3F4FB","#3E72A2","#0084FD","#A2D0FA","#00F9B7","#30A787"],"foreground":"#FFFFFF","foregroundNeutralSecondary":"#FFFFFF","backgroundLight":"#FFFFFF","foregroundNeutralTertiary":"#D34E59","background":"#31394C","backgroundNeutral":"#D34E59","bad":"#D34E59","good":"#5EC1B7","minimum":"#D34E59","center":"#F5D33F","maximum":"#5EC1B7","neutral":"#F5D33F"}